,Unnamed: 0,Unnamed: 0.1,date,time,username,tweet,language,cleanTweet,stop_word
0,0,0,2021-12-28,15:42:19,onlocationed,"In the wake of a score of cancelled performances due to COVID-19 concerns, many theatergoers and theater-makers are looking at an uncertain future.  https://t.co/2CG44dkbf9¬†#broadway #theater #covid19 #entertainment  https://t.co/MIFgjEURCE",en,in the wake of a score of cancelled performances due to covid concerns many theatergoers and theater makers are looking at an uncertain future broadway theater covid entertainment ,"['wake', 'score', 'cancelled', 'performances', 'due', 'covid', 'concerns', 'many', 'theatergoers', 'theater', 'makers', 'looking', 'uncertain', 'future', 'broadway', 'theater', 'covid', 'entertainment']"
1,1,1,2021-12-28,15:42:18,theoriginaltams,@garrulous_gin Yes it is. The thing is Dems are not going to vote Republican in mid-terms no matter how awful Biden is. I don‚Äôt even know if liberal leaning independents will. I feel like we‚Äôre being thrown to the wolves on COVID19. üò°At least I feel like the Trump administration tried. üòû,en, yes it is the thing is dems are not going to vote republican in mid terms no matter how awful biden is i don t even know if liberal leaning independents will i feel like we re being thrown to the wolves on covid at least i feel like the trump administration tried ,"['yes', 'thing', 'dems', 'going', 'vote', 'republican', 'mid', 'terms', 'matter', 'awful', 'biden', 'even', 'know', 'liberal', 'leaning', 'independents', 'feel', 'like', 'thrown', 'wolves', 'covid', 'least', 'feel', 'like', 'trump', 'administration', 'tried']"
2,2,2,2021-12-28,15:42:18,ashcollins2223,@Vishal78637198 @RitaPanahi So you're say Trump is healthier than the 100s of 1000s that died from #COVID19 ü§î,en, so you re say trump is healthier than the s of s that died from covid ,"['say', 'trump', 'healthier', 'died', 'covid']"
3,3,3,2021-12-28,15:42:15,sassybibrarian,Bring back #COVID19 saliva tests!,en,bring back covid saliva tests ,"['bring', 'back', 'covid', 'saliva', 'tests']"
4,4,5,2021-12-28,15:42:12,prashastiis,Highest single day spike in Delhi again! ü§¶  #COVID19 #Omicron #Omicronindia #OmicronVariant #Delmicron #delhiFightsCorona,en,highest single day spike in delhi again covid omicron omicronindia omicronvariant delmicron delhifightscorona,"['highest', 'single', 'day', 'spike', 'delhi', 'covid', 'omicron', 'omicronindia', 'omicronvariant', 'delmicron', 'delhifightscorona']"
5,5,7,2021-12-28,15:42:09,taylorkwinship,@wesstreeting @UKLabour It isn't. And you already know it isn't. The government is putting public health at risk. The 'wait and see what the impact on hospitalisations' bollocks is a smokescreen. Hospitalizations are already through the roof. An inconvenient truth #COVID19,en, it isn t and you already know it isn t the government is putting public health at risk the wait and see what the impact on hospitalisations bollocks is a smokescreen hospitalizations are already through the roof an inconvenient truth covid ,"['already', 'know', 'government', 'putting', 'public', 'health', 'risk', 'wait', 'see', 'impact', 'hospitalisations', 'bollocks', 'smokescreen', 'hospitalizations', 'already', 'roof', 'inconvenient', 'truth', 'covid']"
6,6,9,2021-12-28,15:42:03,aprilspies,Newest conspiracy bullshit: healthy children don't need vaccine because only those with preexisting conditions die of covid. Not a single healthy child has ever died of covid. This is complete bullshit. #COVID19 #antivaxxers #ConspiracyTheories,en,newest conspiracy bullshit healthy children don t need vaccine because only those with preexisting conditions die of covid not a single healthy child has ever died of covid this is complete bullshit covid antivaxxers conspiracytheories,"['newest', 'conspiracy', 'bullshit', 'healthy', 'children', 'need', 'vaccine', 'preexisting', 'conditions', 'covid', 'single', 'healthy', 'child', 'ever', 'died', 'covid', 'complete', 'bullshit', 'covid', 'antivaxxers', 'conspiracytheories']"
7,7,10,2021-12-28,15:42:03,natural_beaut,"""Omicron is extremely transmissible, so the likelihood of testing positive can always be there up until 14 days after initial exposure, which is why health care providers push masking and social distancing,"" said Dr. Sindhu Aderson, Northwestern Medicine Immediate Care. #COVID19",en, omicron is extremely transmissible so the likelihood of testing positive can always be there up until days after initial exposure which is why health care providers push masking and social distancing said dr sindhu aderson northwestern medicine immediate care covid ,"['omicron', 'extremely', 'transmissible', 'likelihood', 'testing', 'positive', 'always', 'days', 'initial', 'exposure', 'health', 'providers', 'push', 'masking', 'social', 'distancing', 'said', 'dr', 'sindhu', 'aderson', 'northwestern', 'medicine', 'immediate', 'covid']"
8,8,13,2021-12-28,15:41:57,joynewsontv,GHS begins investigation into Beenie Man breaking Covid protocol after he allegedly tested positive #COVID19 #JoyNews  https://t.co/9B8dtoxiaX,en,ghs begins investigation into beenie man breaking covid protocol after he allegedly tested positive covid joynews ,"['ghs', 'begins', 'investigation', 'beenie', 'breaking', 'covid', 'protocol', 'allegedly', 'tested', 'positive', 'covid', 'joynews']"
9,9,15,2021-12-28,15:41:53,marc_perrone,‚úÖVaccines Save Lives:  1796 Smallpox 1885 Rabies 1890 Tetanus 1896 Typhoid Fever 1906 TB 1923 Diphtheria 1926 Whooping Cough 1932 Yellow Fever 1937 Flu 1952 Polio 1963 Measles 1967 Mumps 1969 Rubella 1974 Chickenpox 2020 Covid19  #GetVaccinated #1u #WearAMask,en, vaccines save lives smallpox rabies tetanus typhoid fever tb diphtheria whooping cough yellow fever flu polio measles mumps rubella chickenpox covid getvaccinated u wearamask,"['vaccines', 'save', 'lives', 'smallpox', 'rabies', 'tetanus', 'typhoid', 'fever', 'tb', 'diphtheria', 'whooping', 'cough', 'yellow', 'fever', 'flu', 'polio', 'measles', 'mumps', 'rubella', 'chickenpox', 'covid', 'getvaccinated', 'wearamask']"
10,10,17,2021-12-28,15:41:51,krishna0302,Congratulations #Telangana. Even second dose coverage is not far behind. 60% already vaccinated. 28 lakh citizens to go. #Karimnagar dt and not #Hyderabad leads with 2nd dose vaccination of 83%. #COVID19,en,congratulations telangana even second dose coverage is not far behind already vaccinated lakh citizens to go karimnagar dt and not hyderabad leads with nd dose vaccination of covid ,"['congratulations', 'telangana', 'even', 'second', 'dose', 'coverage', 'far', 'behind', 'already', 'vaccinated', 'lakh', 'citizens', 'go', 'karimnagar', 'dt', 'hyderabad', 'leads', 'nd', 'dose', 'vaccination', 'covid']"
11,11,19,2021-12-28,15:41:47,jonathanrosy,@WaytowichNeil It‚Äôs a sliding standard;  anti-vax ‚û°Ô∏è anti-big pharma ‚û°Ô∏è anti-mandates ‚û°Ô∏è anti-vax passports ‚û°Ô∏è anti-boosters #antivaxxers #COVID19,en, it s a sliding standard anti vax anti big pharma anti mandates anti vax passports anti boosters antivaxxers covid ,"['sliding', 'standard', 'anti', 'vax', 'anti', 'big', 'pharma', 'anti', 'mandates', 'anti', 'vax', 'passports', 'anti', 'boosters', 'antivaxxers', 'covid']"
12,12,20,2021-12-28,15:41:45,winniekute1,@MichaelDalynyc picture being a nurse working through covid19 and the hospital have you do extra not in ur work requirements causing you injury requiring surgery repair then fire you cutting off your medical coverage during recovery leaving you battling covid with no health ins.,en, picture being a nurse working through covid and the hospital have you do extra not in ur work requirements causing you injury requiring surgery repair then fire you cutting off your medical coverage during recovery leaving you battling covid with no health ins ,"['picture', 'nurse', 'working', 'covid', 'hospital', 'extra', 'ur', 'work', 'requirements', 'causing', 'injury', 'requiring', 'surgery', 'repair', 'fire', 'cutting', 'medical', 'coverage', 'recovery', 'leaving', 'battling', 'covid', 'health']"
13,13,21,2021-12-28,15:41:45,heatedtalk,Rand Paul blames COVID deaths on Fauci due to his bias towards vaccines over therapeutics such as monoclonal antibodies treatment.  Is he right?  #COVID19 #vaccine   https://t.co/Ci3dGbwX5k,en,rand paul blames covid deaths on fauci due to his bias towards vaccines over therapeutics such as monoclonal antibodies treatment is he right covid vaccine ,"['rand', 'paul', 'blames', 'covid', 'deaths', 'fauci', 'due', 'bias', 'towards', 'vaccines', 'therapeutics', 'monoclonal', 'antibodies', 'treatment', 'right', 'covid', 'vaccine']"
14,14,23,2021-12-28,15:41:45,outlookindia,"#Newsalert | Delhi records 496 COVID-19 cases, highest since June 4, and one fatality; positivity rate at 0.89% : Authorities.   #Delhi #COVID19 #OmicronVariant",en, newsalert delhi records covid cases highest since june and one fatality positivity rate at authorities delhi covid omicronvariant,"['newsalert', 'delhi', 'records', 'covid', 'cases', 'highest', 'since', 'june', 'fatality', 'positivity', 'rate', 'authorities', 'delhi', 'covid', 'omicronvariant']"
15,15,26,2021-12-28,15:41:40,bobbie28277,@gigicat7_ I think he will play at the Aussie Open. He's had the covid19 &amp; probably has the antibodies to fight it. Who really knows how long they last. This vaccine is a money making scam if u ask me. When is enough vaccine?  I've had 3 shots &amp; the booster lasts 10 wks?,en, i think he will play at the aussie open he s had the covid amp probably has the antibodies to fight it who really knows how long they last this vaccine is a money making scam if u ask me when is enough vaccine i ve had shots amp the booster lasts wks ,"['think', 'play', 'aussie', 'open', 'covid', 'amp', 'probably', 'antibodies', 'fight', 'really', 'knows', 'long', 'last', 'vaccine', 'money', 'making', 'scam', 'ask', 'enough', 'vaccine', 'shots', 'amp', 'booster', 'lasts', 'wks']"
16,16,28,2021-12-28,15:41:39,biancaosantos,Another tragic example of the #COVID19 mass psychosis.  #PeterMcCulloughMD #COVIDVaccination #vaccination #BoosterJab  https://t.co/kJYU1basJf,en,another tragic example of the covid mass psychosis petermcculloughmd covidvaccination vaccination boosterjab ,"['another', 'tragic', 'example', 'covid', 'mass', 'psychosis', 'petermcculloughmd', 'covidvaccination', 'vaccination', 'boosterjab']"
17,17,29,2021-12-28,15:41:39,dwf57,"Do Not Let NeoCons Gaslight you that ""Florida is Open""  75% of Orlando area back in Masks.    I live in FL &amp; actually leave my home and in public  End The Covid Hoax!  NeoCons Gaslighting ""Florida is Open"" do not want to end the Covid Hoax.  Stop being Sheeple #COVID19",en,do not let neocons gaslight you that florida is open of orlando area back in masks i live in fl amp actually leave my home and in public end the covid hoax neocons gaslighting florida is open do not want to end the covid hoax stop being sheeple covid ,"['let', 'neocons', 'gaslight', 'florida', 'open', 'orlando', 'area', 'back', 'masks', 'live', 'fl', 'amp', 'actually', 'leave', 'home', 'public', 'covid', 'hoax', 'neocons', 'gaslighting', 'florida', 'open', 'covid', 'hoax', 'stop', 'sheeple', 'covid']"
18,18,30,2021-12-28,15:41:38,chadwickwthsby,'100% effective in preventing COVID19 cases in South Africa' ü§°... I give you @CNNBusiness CEO of the year.   #TotalLie,en, effective in preventing covid cases in south africa i give you ceo of the year totallie,"['effective', 'preventing', 'covid', 'cases', 'south', 'africa', 'give', 'ceo', 'year', 'totallie']"
19,19,31,2021-12-28,15:41:38,p_gupta93,Amber level alert in 2021 (Friday) or 2022 (Saturday)?? #COVID19 #Delhi,en,amber level alert in friday or saturday covid delhi,"['amber', 'level', 'alert', 'friday', 'saturday', 'covid', 'delhi']"
20,20,33,2021-12-28,15:41:35,fogjohnson,"According to DW TV, Germany has borrowed about 400 billion to support their economy since the pandemic. Also, 40% of the citizens are having serious financial problems.  Covid19 wahala everywhere",en,according to dw tv germany has borrowed about billion to support their economy since the pandemic also of the citizens are having serious financial problems covid wahala everywhere,"['according', 'dw', 'tv', 'germany', 'borrowed', 'billion', 'support', 'economy', 'since', 'pandemic', 'citizens', 'serious', 'financial', 'problems', 'covid', 'wahala', 'everywhere']"
21,21,34,2021-12-28,15:41:33,aavig,First #COVID19 shot recipient in US now a #vaccine activist  https://t.co/THjWOYBse9,en,first covid shot recipient in us now a vaccine activist ,"['first', 'covid', 'shot', 'recipient', 'us', 'vaccine', 'activist']"
22,22,36,2021-12-28,15:41:29,andreaabwob,@YongKhor1 #WestVirginia is at the top of the chart with #COVID19 deaths! WTFacts? @Sen_JoeManchin,en, westvirginia is at the top of the chart with covid deaths wtfacts ,"['westvirginia', 'top', 'chart', 'covid', 'deaths', 'wtfacts']"
23,23,39,2021-12-28,15:41:26,migsrunner,"Important thread on the ethics of the @CDCgov recs - if you‚Äôre working while positive (or if healthcare systems are requiring HCWs to work while positive), should it be disclosed to patients? üî•take as always by @louise_p_king #COVID19",en,important thread on the ethics of the recs if you re working while positive or if healthcare systems are requiring hcws to work while positive should it be disclosed to patients take as always by covid ,"['important', 'thread', 'ethics', 'recs', 'working', 'positive', 'healthcare', 'systems', 'requiring', 'hcws', 'work', 'positive', 'disclosed', 'patients', 'always', 'covid']"
24,24,41,2021-12-28,15:41:23,natural_beaut,"""Unless you develop symptoms first, testing five to seven days after exposure is the CDC recommendation. Testing too early can give a false sense of security, doctors warn."" #Chicago #CDC #COVID19    https://t.co/nvnAv1t5ok",en, unless you develop symptoms first testing five to seven days after exposure is the cdc recommendation testing too early can give a false sense of security doctors warn chicago cdc covid ,"['unless', 'develop', 'symptoms', 'first', 'testing', 'five', 'seven', 'days', 'exposure', 'cdc', 'recommendation', 'testing', 'early', 'give', 'false', 'sense', 'security', 'doctors', 'warn', 'chicago', 'cdc', 'covid']"
25,25,42,2021-12-28,15:41:20,picardonhealth,Guidance v rules: What public health measures do scientists think work best to prevent the spread of the #COVID19? by @NicolaKSDavis  https://t.co/CmXby4aTVd via @guardian #RiskCommunication,en,guidance v rules what public health measures do scientists think work best to prevent the spread of the covid by via riskcommunication,"['guidance', 'rules', 'public', 'health', 'measures', 'scientists', 'think', 'work', 'best', 'prevent', 'spread', 'covid', 'via', 'riskcommunication']"
26,26,46,2021-12-28,15:41:17,akathemgt,@Delta Delta spreads COVID19. Profits over people is ur slogan.,en, delta spreads covid profits over people is ur slogan ,"['delta', 'spreads', 'covid', 'profits', 'people', 'ur', 'slogan']"
27,27,48,2021-12-28,15:41:16,brendaforvt,"When keeping the wheels turning is more important than keeping us safe, we have failed. @POTUS this just ain't right. It's not science. Be the presis who follows science. Deliver on science, don't put Americans at more risk. Fix this. #vtpoli #COVID19 #Omicron",en,when keeping the wheels turning is more important than keeping us safe we have failed this just ain t right it s not science be the presis who follows science deliver on science don t put americans at more risk fix this vtpoli covid omicron,"['keeping', 'wheels', 'turning', 'important', 'keeping', 'us', 'safe', 'failed', 'right', 'science', 'presis', 'follows', 'science', 'deliver', 'science', 'put', 'americans', 'risk', 'fix', 'vtpoli', 'covid', 'omicron']"
28,28,49,2021-12-28,15:41:15,gemmasparkle,@markbaggas @drkerrynphelps @NSWHealth @BradHazzard @Dom_Perrottet @amapresident Not 100% accurate &amp; are sold out everywhere.üò¨ But wait!  Perrottet said today that we'll get some covid testing kits LATE January!! yay!!! ü§¢üôÑ Full of lies and the testing kits are just like the vaccination bungles too little too late.ü§Æ#LetItRip #COVID19,en, not accurate amp are sold out everywhere but wait perrottet said today that we ll get some covid testing kits late january yay full of lies and the testing kits are just like the vaccination bungles too little too late letitrip covid ,"['accurate', 'amp', 'sold', 'everywhere', 'wait', 'perrottet', 'said', 'today', 'get', 'covid', 'testing', 'kits', 'late', 'january', 'yay', 'full', 'lies', 'testing', 'kits', 'like', 'vaccination', 'bungles', 'little', 'late', 'letitrip', 'covid']"
29,29,50,2021-12-28,15:41:15,dianegoldman,#COVID19 idiots killing their own kids   SMDH,en, covid idiots killing their own kids smdh,"['covid', 'idiots', 'killing', 'kids', 'smdh']"
30,30,52,2021-12-28,15:41:14,shurybunny,Booster dose COVID-19 vaccine ‚úÖ #Pfizer #COVID19,en,booster dose covid vaccine pfizer covid ,"['booster', 'dose', 'covid', 'vaccine', 'pfizer', 'covid']"
31,31,53,2021-12-28,15:41:13,heart10looks3,"@drcarroll @CRBerginMD @CDCgov Cue the ""Libs Aren't Following The Science"" editorials about people who actually wait for a negative test before coming out of isolation.  https://t.co/gvv6OY3AqK",en, cue the libs aren t following the science editorials about people who actually wait for a negative test before coming out of isolation ,"['cue', 'libs', 'following', 'science', 'editorials', 'people', 'actually', 'wait', 'negative', 'test', 'coming', 'isolation']"
32,32,54,2021-12-28,15:41:12,nenownews,Sample of the #COVID19 positive #Dibrugarh University student has been sent for genome sequencing. #Assam #Omicron   https://t.co/8aNsAsXWqU,en,sample of the covid positive dibrugarh university student has been sent for genome sequencing assam omicron ,"['sample', 'covid', 'positive', 'dibrugarh', 'university', 'student', 'sent', 'genome', 'sequencing', 'assam', 'omicron']"
33,33,56,2021-12-28,15:41:10,clancyneil,"@JGPharmD PA state &amp; local sequencing capacity abysmal since start of pandemic.  PGH generally on back-end of #COVID19 epi nationally throughout, w trends eventually arriving from east coast or through Appalachia, upper Midwest. Gotta believe we're seeing #omicron now, though, w numbers.",en, pa state amp local sequencing capacity abysmal since start of pandemic pgh generally on back end of covid epi nationally throughout w trends eventually arriving from east coast or through appalachia upper midwest gotta believe we re seeing omicron now though w numbers ,"['state', 'amp', 'local', 'sequencing', 'capacity', 'abysmal', 'since', 'start', 'pandemic', 'pgh', 'generally', 'back', 'covid', 'epi', 'nationally', 'throughout', 'w', 'trends', 'eventually', 'arriving', 'east', 'coast', 'appalachia', 'upper', 'midwest', 'got', 'believe', 'seeing', 'omicron', 'though', 'w', 'numbers']"
34,34,57,2021-12-28,15:41:10,bluevirginia,"#Virginia #COVID19 Cases Continue to Surge, Up 7,439 Since Monday Morning; Deaths Up 185; Hospitalizations Up 142; COVID cases up a massive 61,898 over the past 10 days,  https://t.co/dMp15PF44N",en, virginia covid cases continue to surge up since monday morning deaths up hospitalizations up covid cases up a massive over the past days ,"['virginia', 'covid', 'cases', 'continue', 'surge', 'since', 'monday', 'morning', 'deaths', 'hospitalizations', 'covid', 'cases', 'massive', 'past', 'days']"
35,35,58,2021-12-28,15:41:07,mhealthfairview,"This past year, we have faced one challenge after another: #COVID19, a mental health crisis, healthcare worker exhaustion. But together we have taken extraordinary steps forward. As we look back on 2021, here are the stories that have shaped our year. ‚û°Ô∏è  https://t.co/F3MNAlMfh3  https://t.co/8L4rWomDmx",en,this past year we have faced one challenge after another covid a mental health crisis healthcare worker exhaustion but together we have taken extraordinary steps forward as we look back on here are the stories that have shaped our year ,"['past', 'year', 'faced', 'challenge', 'another', 'covid', 'mental', 'health', 'crisis', 'healthcare', 'worker', 'exhaustion', 'together', 'taken', 'extraordinary', 'steps', 'forward', 'look', 'back', 'stories', 'shaped', 'year']"
36,36,59,2021-12-28,15:41:05,thebristolpist1,"My 4 step program to get the UK out of the #COVID19 mass psychosis.  1. Stop all testing. The tests are bogus, useless. 2. Treat everyone as healthy, unless proven otherwise. 3. Acknowledge that the ""vaccines"" aren't very effective. 4. STOP taking advice from the State, and SAGE.",en,my step program to get the uk out of the covid mass psychosis stop all testing the tests are bogus useless treat everyone as healthy unless proven otherwise acknowledge that the vaccines aren t very effective stop taking advice from the state and sage ,"['step', 'program', 'get', 'uk', 'covid', 'mass', 'psychosis', 'stop', 'testing', 'tests', 'bogus', 'useless', 'treat', 'everyone', 'healthy', 'unless', 'proven', 'otherwise', 'acknowledge', 'vaccines', 'effective', 'stop', 'taking', 'advice', 'state', 'sage']"
37,37,60,2021-12-28,15:41:05,pgogna,#YellowAlert declared in #Delhi after 496 new #COVID19 cases registered in the last 24hrs.,en, yellowalert declared in delhi after new covid cases registered in the last hrs ,"['yellowalert', 'declared', 'delhi', 'new', 'covid', 'cases', 'registered', 'last', 'hrs']"
38,38,62,2021-12-28,15:41:03,harriet75,I am working in the allergist office today and omg its all #COVID19  and #CovidTesting    I am in such a panic.   Shame on our leaders for #LetItRip afraid of political push back over health and safety.,en,i am working in the allergist office today and omg its all covid and covidtesting i am in such a panic shame on our leaders for letitrip afraid of political push back over health and safety ,"['working', 'allergist', 'office', 'today', 'omg', 'covid', 'covidtesting', 'panic', 'shame', 'leaders', 'letitrip', 'afraid', 'political', 'push', 'back', 'health', 'safety']"
39,39,63,2021-12-28,15:41:01,sfjays,"CDC: The CDC has shortened the recommended time for #COVID19 isolation and quarantine.   Anyway, check out this Blue and Green - Color Block - Face Mask (Redbubble).  https://t.co/7d6KTycIBT.",en,cdc the cdc has shortened the recommended time for covid isolation and quarantine anyway check out this blue and green color block face mask redbubble ,"['cdc', 'cdc', 'shortened', 'recommended', 'time', 'covid', 'isolation', 'quarantine', 'anyway', 'check', 'blue', 'green', 'color', 'block', 'mask', 'redbubble']"
40,40,65,2021-12-28,15:41:00,carlesdijous,Experts say the #UK must learn to live with #coronavirus as professors predict the worst is over.  https://t.co/Gs3DoUv2z9 #Covid19,en,experts say the uk must learn to live with coronavirus as professors predict the worst is over covid ,"['experts', 'say', 'uk', 'must', 'learn', 'live', 'coronavirus', 'professors', 'predict', 'worst', 'covid']"
41,41,66,2021-12-28,15:41:00,uzalendonews_ke,"Kenya records 1,504 new Covid-19 cases in the last 24hrs.  Total number now at 285,654; Positivity rate stands at 32.4% . . . Trending -- #COVID19 | Raila | JKIA | M-pesa | #BeforeAndAfterUhuru  https://t.co/qBDtW9ifCR",en,kenya records new covid cases in the last hrs total number now at positivity rate stands at trending covid raila jkia m pesa beforeandafteruhuru ,"['kenya', 'records', 'new', 'covid', 'cases', 'last', 'hrs', 'total', 'number', 'positivity', 'rate', 'stands', 'trending', 'covid', 'raila', 'jkia', 'pesa', 'beforeandafteruhuru']"
42,42,68,2021-12-28,15:40:59,destigrace1,"Protip for keeping sane during this SUSTAINED pandemic: stick to what works, go w/ highest level(s) of protection, know your risks, proceed with caution. We in the USA must do some serious soul searching: why are we the standout in terms of rate of #COVID19 infection &amp; mortality?",en,protip for keeping sane during this sustained pandemic stick to what works go w highest level s of protection know your risks proceed with caution we in the usa must do some serious soul searching why are we the standout in terms of rate of covid infection amp mortality ,"['protip', 'keeping', 'sane', 'sustained', 'pandemic', 'stick', 'works', 'go', 'w', 'highest', 'level', 'protection', 'know', 'risks', 'proceed', 'caution', 'usa', 'must', 'serious', 'soul', 'searching', 'standout', 'terms', 'rate', 'covid', 'infection', 'amp', 'mortality']"
43,43,69,2021-12-28,15:40:56,attorneygriggs,"FYI, These #Covid19 numbers continue to rise in Georgia and the tests are becoming more limited. Govern yourself according. #gapol",en,fyi these covid numbers continue to rise in georgia and the tests are becoming more limited govern yourself according gapol,"['fyi', 'covid', 'numbers', 'continue', 'rise', 'georgia', 'tests', 'becoming', 'limited', 'govern', 'according', 'gapol']"
44,44,73,2021-12-28,15:40:50,shazmamithani,THIS is why Omicron has me worried.  Stop thinking about just yourself.   Kids under 5 can‚Äôt be vaccinated. Kids under 18 aren‚Äôt eligible boosters.   Your decisions affect more than just you.   #Omicron #COVID19,en,this is why omicron has me worried stop thinking about just yourself kids under can t be vaccinated kids under aren t eligible boosters your decisions affect more than just you omicron covid ,"['omicron', 'worried', 'stop', 'thinking', 'kids', 'vaccinated', 'kids', 'eligible', 'boosters', 'decisions', 'affect', 'omicron', 'covid']"
45,45,75,2021-12-28,15:40:48,jeszymk,BEWARE of this Mutating Virus #COVID19 #MTGisaTRAITORtoUSüá∫üá∏  https://t.co/rfkglZSGkn,en,beware of this mutating virus covid mtgisatraitortous ,"['beware', 'mutating', 'virus', 'covid', 'mtgisatraitortous']"
46,46,79,2021-12-28,15:40:42,drmiryounis,"Punjab state of India bans entry of not fully vaccinated people from Jan 15 in public places, the official release of the state govt ...I believe it is sensible decision in view of #Omicron/#Delmicron Varient of #Covid19!!!  Mir Younis  ***  https://t.co/FOi1F9DBPD",en,punjab state of india bans entry of not fully vaccinated people from jan in public places the official release of the state govt i believe it is sensible decision in view of omicron delmicron varient of covid mir younis ,"['punjab', 'state', 'india', 'bans', 'entry', 'fully', 'vaccinated', 'people', 'jan', 'public', 'places', 'official', 'release', 'state', 'govt', 'believe', 'sensible', 'decision', 'view', 'omicron', 'delmicron', 'varient', 'covid', 'younis']"
47,47,80,2021-12-28,15:40:41,epaultaylor,Is that #COVID19 #mask you‚Äôre wearing good enough amid #Omicron? Here‚Äôs what the experts say. By @smckinley1 via ‚Å¶@TorontoStar‚Å© #PPE #masks  https://t.co/AcGsr6ktDM,en,is that covid mask you re wearing good enough amid omicron here s what the experts say by via ppe masks ,"['covid', 'mask', 'wearing', 'good', 'enough', 'amid', 'omicron', 'experts', 'say', 'via', 'ppe', 'masks']"
48,48,82,2021-12-28,15:40:40,jaysgeronca,"CDC: The CDC has shortened the recommended time for #COVID19 isolation and quarantine.   Anyway, check out this International Klein Blue - Face Mask (Redbubble).  https://t.co/TbtHft6B22.",en,cdc the cdc has shortened the recommended time for covid isolation and quarantine anyway check out this international klein blue face mask redbubble ,"['cdc', 'cdc', 'shortened', 'recommended', 'time', 'covid', 'isolation', 'quarantine', 'anyway', 'check', 'international', 'klein', 'blue', 'mask', 'redbubble']"
49,49,84,2021-12-28,15:40:32,nymillsufsd,"As you know, COVID-19 has many symptoms. Should an individual show any of the symptoms listed, please follow the guidelines in regards to staying home, or going to school. üò∑ #COVID19 #BeSafe  https://t.co/m8oUvUNS5b",en,as you know covid has many symptoms should an individual show any of the symptoms listed please follow the guidelines in regards to staying home or going to school covid besafe ,"['know', 'covid', 'many', 'symptoms', 'individual', 'show', 'symptoms', 'listed', 'please', 'follow', 'guidelines', 'regards', 'staying', 'home', 'going', 'school', 'covid', 'besafe']"
50,50,85,2021-12-28,15:40:30,anandmriu21,"#COVID19 | #Maharashtra reports 2,172 new cases, 1,098 recoveries, and 22 deaths today.",en, covid maharashtra reports new cases recoveries and deaths today ,"['covid', 'maharashtra', 'reports', 'new', 'cases', 'recoveries', 'deaths', 'today']"
51,51,87,2021-12-28,15:40:28,moonlightsp4,"#YellowAlert #Delhi #Omicronindia #Omicron #COVID19 , #vaccine failure , #DepopulationAgenda #NewWorldOrder #Covid1984 Experimental üíâÔøº s making people SickÔøº   https://t.co/Uoiq6WyICB",en, yellowalert delhi omicronindia omicron covid vaccine failure depopulationagenda newworldorder covid experimental s making people sick ,"['yellowalert', 'delhi', 'omicronindia', 'omicron', 'covid', 'vaccine', 'failure', 'depopulationagenda', 'newworldorder', 'covid', 'experimental', 'making', 'people', 'sick']"
52,52,89,2021-12-28,15:40:25,dt_next,"Homegrown pharma majors @SunPharma_Live, @Cipla_Global, Hetero and Torrent announced plans to market their versions of antiviral drug #Molnupiravir to treat high-risk adult patients with #COVID19 across India shortly.  #Covid_19 #covidvariant #India #CIPLA  https://t.co/cUGvYgRT5s",en,homegrown pharma majors hetero and torrent announced plans to market their versions of antiviral drug molnupiravir to treat high risk adult patients with covid across india shortly covid covidvariant india cipla ,"['homegrown', 'pharma', 'majors', 'hetero', 'torrent', 'announced', 'plans', 'market', 'versions', 'antiviral', 'molnupiravir', 'treat', 'high', 'risk', 'adult', 'patients', 'covid', 'across', 'india', 'shortly', 'covid', 'covidvariant', 'india', 'cipla']"
53,53,92,2021-12-28,15:40:20,truthstays,"@SimplyMayhemMad @DipshikhaGhosh Good... all the very best. Have a great time. but, do think over what I tried to convey. #Covid19 was just anything that existed all these days like many planets that astronomers do find with passage of time. A normal body is well built to fight any such viruses. All the best !!",en, good all the very best have a great time but do think over what i tried to convey covid was just anything that existed all these days like many planets that astronomers do find with passage of time a normal body is well built to fight any such viruses all the best ,"['good', 'best', 'great', 'time', 'think', 'tried', 'convey', 'covid', 'anything', 'existed', 'days', 'like', 'many', 'planets', 'astronomers', 'find', 'passage', 'time', 'normal', 'body', 'well', 'built', 'fight', 'viruses', 'best']"
54,54,99,2021-12-28,15:40:15,chicago_quantum,"#COVID19 The figures are staggering.  ""The global tally for COVID-19 rose to 281.5 million as of Tuesday morning and the death toll climbed to 5.41 million, according to data aggregated by Johns Hopkins University.""   https://t.co/8xJD1MC60D",en, covid the figures are staggering the global tally for covid rose to million as of tuesday morning and the death toll climbed to million according to data aggregated by johns hopkins university ,"['covid', 'figures', 'staggering', 'global', 'tally', 'covid', 'rose', 'million', 'tuesday', 'morning', 'death', 'toll', 'climbed', 'million', 'according', 'data', 'aggregated', 'johns', 'hopkins', 'university']"
55,55,100,2021-12-28,15:40:14,singh__janhvi,@MAofIndia I think ..yes we all r facing #COVID19 ... But shut down of cinama z not the solution  We should think about cinama workers.,en, i think yes we all r facing covid but shut down of cinama z not the solution we should think about cinama workers ,"['think', 'yes', 'r', 'facing', 'covid', 'shut', 'cinama', 'solution', 'think', 'cinama', 'workers']"
56,56,103,2021-12-28,15:40:09,exoeconomy,Covid-19: How Is It Affecting Tech Salaries?  https://t.co/9xMFgSYzGG @LisasOdyssey @OpenExO #ExOCommunity #OpenExO #ExOInsight #Covid19 #ExponentialInsights,en,covid how is it affecting tech salaries exocommunity openexo exoinsight covid exponentialinsights,"['covid', 'affecting', 'tech', 'salaries', 'exocommunity', 'openexo', 'exoinsight', 'covid', 'exponentialinsights']"
57,57,109,2021-12-28,15:40:03,meghchak,Indians have normalised this shitty behaviour. Regardless of repeated telling and awareness no one cares. How can we stop these Ignorant people? What do you think? #socialwork #COVID19 #Omicron #Omicronindia  https://t.co/I0xFrzMb8w,en,indians have normalised this shitty behaviour regardless of repeated telling and awareness no one cares how can we stop these ignorant people what do you think socialwork covid omicron omicronindia ,"['indians', 'normalised', 'shitty', 'behaviour', 'regardless', 'repeated', 'telling', 'awareness', 'cares', 'stop', 'ignorant', 'people', 'think', 'socialwork', 'covid', 'omicron', 'omicronindia']"
58,58,111,2021-12-28,15:40:02,frommers,Cruise ships aren't Covid jails anymore‚Äîbut they are being turned away from some ports.   https://t.co/iEJfxImqF9 #Cruising #TravelTuesday #Covid19 #Omicron  https://t.co/pToKrRAXiG,en,cruise ships aren t covid jails anymore but they are being turned away from some ports cruising traveltuesday covid omicron ,"['cruise', 'ships', 'covid', 'jails', 'anymore', 'turned', 'away', 'ports', 'cruising', 'traveltuesday', 'covid', 'omicron']"
59,59,112,2021-12-28,15:40:00,haydndunn,"@ldowrich I feel young ppl fed up, and want a lil free up. Two years livin in fear of contracting COVID19 takes a toll on someone‚Äôs mental health.",en, i feel young ppl fed up and want a lil free up two years livin in fear of contracting covid takes a toll on someone s mental health ,"['feel', 'young', 'ppl', 'fed', 'lil', 'free', 'two', 'years', 'livin', 'fear', 'contracting', 'covid', 'takes', 'toll', 'someone', 'mental', 'health']"
60,60,115,2021-12-28,15:40:00,orfonline,"#COVID19 is one of the many emergent diseases that hurt the #elderly, but it surely won‚Äôt be the last. @6mona_ writes on how #India should undertake suitable policy changes to ensure their survival. #Omnicronvariant #pandemic  https://t.co/gB0JLo7jfz",en, covid is one of the many emergent diseases that hurt the elderly but it surely won t be the last writes on how india should undertake suitable policy changes to ensure their survival omnicronvariant pandemic ,"['covid', 'many', 'emergent', 'diseases', 'hurt', 'elderly', 'surely', 'last', 'writes', 'india', 'undertake', 'suitable', 'policy', 'changes', 'ensure', 'survival', 'omnicronvariant', 'pandemic']"
61,61,116,2021-12-28,15:40:00,tv9gujarati,"#COVID19: Actions to be taken against those violating mandatory quarantine rule, #Gujarat #coronavirus #TV9News  https://t.co/nnOMJNrCYJ",en, covid actions to be taken against those violating mandatory quarantine rule gujarat coronavirus tv news ,"['covid', 'actions', 'taken', 'violating', 'mandatory', 'quarantine', 'rule', 'gujarat', 'coronavirus', 'tv', 'news']"
62,62,118,2021-12-28,15:39:56,sd_vivian,"Hold on, Xi'an #COVID19",en,hold on xi an covid ,"['hold', 'xi', 'covid']"
63,63,119,2021-12-28,15:39:55,allan_pincus,How the recent wave of #COVID19 engulfed us in a short time is still a puzzle. Perhaps the influx of people from other countries coming for Xmas? Remember it happened a week before 25th Dec. The scientists are not coming out to say a thing.,en,how the recent wave of covid engulfed us in a short time is still a puzzle perhaps the influx of people from other countries coming for xmas remember it happened a week before th dec the scientists are not coming out to say a thing ,"['recent', 'wave', 'covid', 'engulfed', 'us', 'short', 'time', 'still', 'puzzle', 'perhaps', 'influx', 'people', 'countries', 'coming', 'xmas', 'remember', 'happened', 'week', 'th', 'dec', 'scientists', 'coming', 'say', 'thing']"
64,64,120,2021-12-28,15:39:54,shopopllo,"Not clear on who we are and what we do? Opllo, or Operation Local, is an eCommerce platform created by the non-profit organization, Community Ventures, during the COVID19 pandemic. Opllo is designed specifically for small businesses and entrepreneurs to reach a new, broader ‚Ä¶",en,not clear on who we are and what we do opllo or operation local is an ecommerce platform created by the non profit organization community ventures during the covid pandemic opllo is designed specifically for small businesses and entrepreneurs to reach a new broader ,"['clear', 'opllo', 'operation', 'local', 'ecommerce', 'platform', 'created', 'profit', 'organization', 'community', 'ventures', 'covid', 'pandemic', 'opllo', 'designed', 'specifically', 'small', 'businesses', 'entrepreneurs', 'reach', 'new', 'broader']"
65,65,122,2021-12-28,15:39:51,imrahultrehan,"Today Delhi reports a huge jump in Covid cases as compared to yesterday. 496 new cases, 1 death, and 172 recoveries in the last 24 hours. Active cases now 1,612. Please #WearAMask  #Delhi #COVID19 #CoronaInDelhi #YellowAlert #Omicronindia",en,today delhi reports a huge jump in covid cases as compared to yesterday new cases death and recoveries in the last hours active cases now please wearamask delhi covid coronaindelhi yellowalert omicronindia,"['today', 'delhi', 'reports', 'huge', 'jump', 'covid', 'cases', 'compared', 'yesterday', 'new', 'cases', 'death', 'recoveries', 'last', 'hours', 'active', 'cases', 'please', 'wearamask', 'delhi', 'covid', 'coronaindelhi', 'yellowalert', 'omicronindia']"
66,66,123,2021-12-28,15:39:51,ravisheoran,1377 new #COVID19 cases in #Mumbai today 70% higher than yesterday #Covid_19  #Omicron @uddhavthackeray @OfficeofUT @mansukhmandviya,en, new covid cases in mumbai today higher than yesterday covid omicron ,"['new', 'covid', 'cases', 'mumbai', 'today', 'higher', 'yesterday', 'covid', 'omicron']"
67,67,129,2021-12-28,15:39:39,kteacherbx,It‚Äôs true there‚Äôs supposed to be a press conference today with @GovKathyHochul @NYCMayor @ericadamsfornyc all three together. #COVID19 #VaccineMandates #schools #Pressconference,en,it s true there s supposed to be a press conference today with all three together covid vaccinemandates schools pressconference,"['true', 'supposed', 'press', 'conference', 'today', 'three', 'together', 'covid', 'vaccinemandates', 'schools', 'pressconference']"
68,68,130,2021-12-28,15:39:38,mahmoudhalablab,"Interesting observation that #omicron (the less virulent variant, so far) may may displace #Delta counterpart. #ŸÉŸàÿ±ŸàŸÜÿß #COVID19",en,interesting observation that omicron the less virulent variant so far may may displace delta counterpart covid ,"['interesting', 'observation', 'omicron', 'less', 'virulent', 'variant', 'far', 'may', 'may', 'displace', 'delta', 'counterpart', 'covid']"
69,69,131,2021-12-28,15:39:34,joeruturi,So many #COVID19 #Antivaxxers now calling for advice . Re:#OmicronVirus ü§∑üèΩ‚Äç‚ôÇÔ∏è,en,so many covid antivaxxers now calling for advice re omicronvirus ,"['many', 'covid', 'antivaxxers', 'calling', 'advice', 'omicronvirus']"
70,70,132,2021-12-28,15:39:33,showbiz_it,"#RanvirShorey‚Äôs son tests positive for #Covid19 after Goa holiday, actor shares update  https://t.co/VcnO13fzwE",en, ranvirshorey s son tests positive for covid after goa holiday actor shares update ,"['ranvirshorey', 'tests', 'positive', 'covid', 'goa', 'holiday', 'actor', 'shares', 'update']"
71,71,133,2021-12-28,15:39:32,covidlive,"10,416 new cases and 153 new deaths in Germany   [15:39 GMT] #coronavirus #CoronaVirusUpdate #COVID19 #CoronavirusPandemic",en, new cases and new deaths in germany gmt coronavirus coronavirusupdate covid coronaviruspandemic,"['new', 'cases', 'new', 'deaths', 'germany', 'gmt', 'coronavirus', 'coronavirusupdate', 'covid', 'coronaviruspandemic']"
72,72,135,2021-12-28,15:39:29,lionelstrange,"After the news of Prof. Varsha Gaikwad tested COVID positive, it is definitely possible that the students of 10th and 12th appearing for board examinations can also be tested positive. #cancelboardexams2022 #cancelboardexam2022 #COVID19",en,after the news of prof varsha gaikwad tested covid positive it is definitely possible that the students of th and th appearing for board examinations can also be tested positive cancelboardexams cancelboardexam covid ,"['news', 'prof', 'varsha', 'gaikwad', 'tested', 'covid', 'positive', 'definitely', 'possible', 'students', 'th', 'th', 'appearing', 'board', 'examinations', 'tested', 'positive', 'cancelboardexams', 'cancelboardexam', 'covid']"
73,73,136,2021-12-28,15:39:28,geekfurious,"Watched the first hour &amp; 40 minutes of #DontLookUp &amp; it's not a work of fiction, it's a dark documentary about COVID19.",en,watched the first hour amp minutes of dontlookup amp it s not a work of fiction it s a dark documentary about covid ,"['watched', 'first', 'hour', 'amp', 'minutes', 'dontlookup', 'amp', 'work', 'fiction', 'dark', 'documentary', 'covid']"
74,74,137,2021-12-28,15:39:26,acpressconklin,"I'm a history buff, so I'm happy to the crossing reenactment return this year! #COVID19 can't silence history forever!  https://t.co/Z6AmA2HGK3",en,i m a history buff so i m happy to the crossing reenactment return this year covid can t silence history forever ,"['history', 'buff', 'happy', 'crossing', 'reenactment', 'return', 'year', 'covid', 'silence', 'history', 'forever']"
75,75,138,2021-12-28,15:39:26,nabadasjsg,I am glad to share that Odisha has achieved a milestone of full vaccination of over 2 Crore people.This remarkable achievement motivates to fight #Covid19 in full spirit. In the coming year let's target that each beneficiary is fully vaccinated. #nabadasjsg #nabadashealthminister  https://t.co/YmOV2Hm0ef,en,i am glad to share that odisha has achieved a milestone of full vaccination of over crore people this remarkable achievement motivates to fight covid in full spirit in the coming year let s target that each beneficiary is fully vaccinated nabadasjsg nabadashealthminister ,"['glad', 'share', 'odisha', 'achieved', 'milestone', 'full', 'vaccination', 'crore', 'people', 'remarkable', 'achievement', 'motivates', 'fight', 'covid', 'full', 'spirit', 'coming', 'year', 'let', 'target', 'beneficiary', 'fully', 'vaccinated', 'nabadasjsg', 'nabadashealthminister']"
76,76,141,2021-12-28,15:39:22,economictimes,"#COVID19 | Maharashtra reports 2,172 new cases, 1,098 recoveries, and 22 deaths today. Active cases 11,492  No new #Omicron case was reported in the state; till date, a total of 167 Omicron cases have been reported in Maharashtra (ANI)  https://t.co/RD7fDAQZWX",en, covid maharashtra reports new cases recoveries and deaths today active cases no new omicron case was reported in the state till date a total of omicron cases have been reported in maharashtra ani ,"['covid', 'maharashtra', 'reports', 'new', 'cases', 'recoveries', 'deaths', 'today', 'active', 'cases', 'new', 'omicron', 'case', 'reported', 'state', 'date', 'total', 'omicron', 'cases', 'reported', 'maharashtra', 'ani']"
77,77,143,2021-12-28,15:39:18,dufourmaite,THOSE INJECTED WITH THE COVID19 VAX ARE NOW POSSESSED BY AN EVIL SPIRIT  https://t.co/cSJeWdxlMR,en,those injected with the covid vax are now possessed by an evil spirit ,"['injected', 'covid', 'vax', 'possessed', 'evil', 'spirit']"
78,78,145,2021-12-28,15:39:15,maawlaw,"‚ÄúTwo other #COVID19 #vaccines, @SerumInstitute's version of @Novavax's shot, Covovax, and homegrown drugmaker Biological E's Corbevax were also granted emergency use approval [in #India].‚Äù  #COVID19 #compliance #procurement",en, two other covid vaccines s version of s shot covovax and homegrown drugmaker biological e s corbevax were also granted emergency use approval in india covid compliance procurement,"['two', 'covid', 'vaccines', 'version', 'shot', 'covovax', 'homegrown', 'drugmaker', 'biological', 'corbevax', 'granted', 'emergency', 'use', 'approval', 'india', 'covid', 'compliance', 'procurement']"
79,79,147,2021-12-28,15:39:14,larrygspeaks,Need a rapid COVID test but your local pharmacy is sold out? We have them in stock! #CovidTesting #COVID19 #gettested #rapidtest #RapidAntigenTests #wetestforcovid  https://t.co/ns67y4tLM5,en,need a rapid covid test but your local pharmacy is sold out we have them in stock covidtesting covid gettested rapidtest rapidantigentests wetestforcovid ,"['need', 'rapid', 'covid', 'test', 'local', 'pharmacy', 'sold', 'stock', 'covidtesting', 'covid', 'gettested', 'rapidtest', 'rapidantigentests', 'wetestforcovid']"
80,80,148,2021-12-28,15:39:12,stujt,"""Despite Mexico‚Äôs medical device shortages and devastating #COVID19 outbreak... Mexican hospitals and patients do not have access to maquiladora-fabricated critical supplies.""  https://t.co/hXChD0b8KS via @sfchronicle #USMCA",en, despite mexico s medical device shortages and devastating covid outbreak mexican hospitals and patients do not have access to maquiladora fabricated critical supplies via usmca,"['despite', 'mexico', 'medical', 'device', 'shortages', 'devastating', 'covid', 'outbreak', 'mexican', 'hospitals', 'patients', 'access', 'maquiladora', 'fabricated', 'critical', 'supplies', 'via', 'usmca']"
81,81,149,2021-12-28,15:39:10,jessa_v,"Hey, before working with covid becomes normalized, maybe now would be a good time for a general workers' strike? Let's all give up capitalism on January 1st #Solidarity #COVID19",en,hey before working with covid becomes normalized maybe now would be a good time for a general workers strike let s all give up capitalism on january st solidarity covid ,"['hey', 'working', 'covid', 'becomes', 'normalized', 'maybe', 'would', 'good', 'time', 'general', 'workers', 'strike', 'let', 'give', 'capitalism', 'january', 'st', 'solidarity', 'covid']"
82,82,152,2021-12-28,15:39:07,markyadavies,"If you are a journalist and are not asking #GovernorStitt why Oklahoma has the highest #COVID19 death rate in the entire country in 2021, you are not doing your job.",en,if you are a journalist and are not asking governorstitt why oklahoma has the highest covid death rate in the entire country in you are not doing your job ,"['journalist', 'asking', 'governorstitt', 'oklahoma', 'highest', 'covid', 'death', 'rate', 'entire', 'country', 'job']"
83,83,153,2021-12-28,15:39:03,premiumcareva,"We are praying for all our office staff, caregivers, families, and friends, who are currently dealing with the impact of COVID-19. Let us continue to stay safe and healthy by observing all the necessary precautions and by following the public health recommendations. #COVID19  https://t.co/MBhDBpuTln",en,we are praying for all our office staff caregivers families and friends who are currently dealing with the impact of covid let us continue to stay safe and healthy by observing all the necessary precautions and by following the public health recommendations covid ,"['praying', 'office', 'staff', 'caregivers', 'families', 'friends', 'currently', 'dealing', 'impact', 'covid', 'let', 'us', 'continue', 'stay', 'safe', 'healthy', 'observing', 'necessary', 'precautions', 'following', 'public', 'health', 'recommendations', 'covid']"
84,84,154,2021-12-28,15:39:03,terrykerat,"@US_FDA why will the fda not support the best covid tests? politics, corruption or incompetence?  #fda #athometest #COVID19",en, why will the fda not support the best covid tests politics corruption or incompetence fda athometest covid ,"['fda', 'support', 'best', 'covid', 'tests', 'politics', 'corruption', 'incompetence', 'fda', 'athometest', 'covid']"
85,85,155,2021-12-28,15:39:03,juliadecadenet,Private #antibody test France 11-95 ( ¬£10) last time paid several hundred for a private uk test - why ? @sajidjavid #COVID19,en,private antibody test france last time paid several hundred for a private uk test why covid ,"['private', 'antibody', 'test', 'france', 'last', 'time', 'paid', 'several', 'hundred', 'private', 'uk', 'test', 'covid']"
86,86,156,2021-12-28,15:39:01,picardonhealth,"#Omicron is ‚Äúnot the same disease we were seeing a year ago‚Äù and high #Covid19 death rates are ‚Äúnow history‚Äù, leading immunologist Sir John Bell says, by @JournoJess_    https://t.co/xowSKaesgr via @guardian",en, omicron is not the same disease we were seeing a year ago and high covid death rates are now history leading immunologist sir john bell says by via ,"['omicron', 'disease', 'seeing', 'year', 'ago', 'high', 'covid', 'death', 'rates', 'history', 'leading', 'immunologist', 'sir', 'john', 'bell', 'says', 'via']"
87,87,159,2021-12-28,15:38:56,maawlaw,"‚ÄúEarlier this year, Aurobindo Pharma, Cipla, Sun Pharmaceuticals and some others signed non-exclusive voluntary licensing agreements with @Merck to manufacture and supply molnupiravir in #India.‚Äù #COVID19  #compliance #procurement #IP #TRIPS #WTO",en, earlier this year aurobindo pharma cipla sun pharmaceuticals and some others signed non exclusive voluntary licensing agreements with to manufacture and supply molnupiravir in india covid compliance procurement ip trips wto,"['earlier', 'year', 'aurobindo', 'pharma', 'cipla', 'sun', 'pharmaceuticals', 'others', 'signed', 'exclusive', 'voluntary', 'licensing', 'agreements', 'manufacture', 'supply', 'molnupiravir', 'india', 'covid', 'compliance', 'procurement', 'ip', 'trips', 'wto']"
88,88,160,2021-12-28,15:38:56,j_b_kennedy,"Funny, isn‚Äôt it ‚Ä¶ tell an anti-vaxxer that a vaccine may cause some cardiac issues and they lap it up like gospel.   Tell em that Covid itself also causes cardiac issues and they go into mega denial, ‚ÄòNo, you‚Äôre lying, it‚Äôs just a cold, bit of a sniffle etc‚Äô  Odd folk  #COVID19",en,funny isn t it tell an anti vaxxer that a vaccine may cause some cardiac issues and they lap it up like gospel tell em that covid itself also causes cardiac issues and they go into mega denial no you re lying it s just a cold bit of a sniffle etc odd folk covid ,"['funny', 'tell', 'anti', 'vaxxer', 'vaccine', 'may', 'cause', 'cardiac', 'issues', 'like', 'gospel', 'tell', 'covid', 'causes', 'cardiac', 'issues', 'go', 'mega', 'denial', 'lying', 'cold', 'bit', 'sniffle', 'etc', 'odd', 'folk', 'covid']"
89,89,162,2021-12-28,15:38:54,poldoitalian,Ci vediamo dopo - See you later ‚Äì ‡πÅ‡∏•‡πâ‡∏ß‡∏û‡∏ö‡∏Å‡∏±‡∏ô‡πÉ‡∏´‡∏°‡πà #dayMotivation Poldo ItalianFood Ph 0849441569 - Ph 0644152649 FOR ORDER  https://t.co/nSIEhz6jKf subscrive on our FaceBook group  https://t.co/3id9ByGHVv‚Ä¶ #Thailand #BKK #italy #WearAMask #COVID19 #‡πÇ‡∏Ñ‡∏ß‡∏¥‡∏î19 #foodie #goodeats  https://t.co/rYIdv8nhiR,en,ci vediamo dopo see you later daymotivation poldo italianfood ph ph for order subscrive on our facebook group thailand bkk italy wearamask covid foodie goodeats ,"['vediamo', 'dopo', 'see', 'later', 'daymotivation', 'poldo', 'italianfood', 'ph', 'ph', 'order', 'subscrive', 'facebook', 'group', 'thailand', 'bkk', 'italy', 'wearamask', 'covid', 'foodie', 'goodeats']"
90,90,167,2021-12-28,15:38:49,libertarian4evr,I wanted to block #COVID19 from my timeline but came to realization that I would have nothing left to read on Twitter about ü§™,en,i wanted to block covid from my timeline but came to realization that i would have nothing left to read on twitter about ,"['wanted', 'block', 'covid', 'timeline', 'came', 'realization', 'would', 'nothing', 'left', 'read', 'twitter']"
91,91,169,2021-12-28,15:38:46,al_boogie_85,You mean to tell me a career politician said one thing before an election and something different afterwards? #shocking #BreakingNews #COVID19,en,you mean to tell me a career politician said one thing before an election and something different afterwards shocking breakingnews covid ,"['mean', 'tell', 'career', 'politician', 'said', 'thing', 'election', 'something', 'different', 'afterwards', 'shocking', 'breakingnews', 'covid']"
92,92,172,2021-12-28,15:38:44,whencitiesburn,"Expect more unvaccinated (&amp; the immunocompromised) to die, as more states run out. #COVID19   https://t.co/t4jAnHGf4O",en,expect more unvaccinated amp the immunocompromised to die as more states run out covid ,"['expect', 'unvaccinated', 'amp', 'immunocompromised', 'states', 'run', 'covid']"
93,93,175,2021-12-28,15:38:40,jessycaethan,"I tested positive for the omicron yesterday after experiencing symptoms since Sunday night. I assumed it was simply the flu, but I felt so horrible that my bones hurt lost all sensitivity. I'm going to spend the rest of the year in bed with my husband and kids.#COVID19",en,i tested positive for the omicron yesterday after experiencing symptoms since sunday night i assumed it was simply the flu but i felt so horrible that my bones hurt lost all sensitivity i m going to spend the rest of the year in bed with my husband and kids covid ,"['tested', 'positive', 'omicron', 'yesterday', 'experiencing', 'symptoms', 'since', 'sunday', 'night', 'assumed', 'simply', 'flu', 'felt', 'horrible', 'bones', 'hurt', 'lost', 'sensitivity', 'going', 'spend', 'rest', 'year', 'bed', 'husband', 'kids', 'covid']"
94,94,177,2021-12-28,15:38:39,drkarekar,"@Nigel__DSouza Whether #Delta #Omicron or any other variant of #COVID19   Wear #mask properly, #WashYourHands regularly, get #vaccinated and follow #COVID19Guidelines   No need to panic or fearmongering  Those who don't follow guidelines may get infected",en, whether delta omicron or any other variant of covid wear mask properly washyourhands regularly get vaccinated and follow covid guidelines no need to panic or fearmongering those who don t follow guidelines may get infected,"['whether', 'delta', 'omicron', 'variant', 'covid', 'wear', 'mask', 'properly', 'washyourhands', 'regularly', 'get', 'vaccinated', 'follow', 'covid', 'guidelines', 'need', 'panic', 'fearmongering', 'follow', 'guidelines', 'may', 'get', 'infected']"
95,95,179,2021-12-28,15:38:38,awarah_ladka,"'The one who helps, want help now'  Doctors need not to serve this nation anymore: this nation has repayed the cost in very good way!  #COVID19 warriors have to fight for their life now üìå  No more service needed ‚ÄºÔ∏è #ExpediteNEETPGCounselling2021 #Doctorsstrike  https://t.co/xj1FajBBps",en, the one who helps want help now doctors need not to serve this nation anymore this nation has repayed the cost in very good way covid warriors have to fight for their life now no more service needed expediteneetpgcounselling doctorsstrike ,"['helps', 'help', 'doctors', 'need', 'serve', 'nation', 'anymore', 'nation', 'repayed', 'cost', 'good', 'way', 'covid', 'warriors', 'fight', 'life', 'service', 'needed', 'expediteneetpgcounselling', 'doctorsstrike']"
96,96,181,2021-12-28,15:38:37,justtonightonly,"#MAGA Americans storm a gut bomb eatery, aka Burger King, in NYC because of #COVID19 restrictions. #VAXXEDvsANTIVAXX  day...wait what day is it? bwhahahaha...  https://t.co/cJNcoLAU9y",en, maga americans storm a gut bomb eatery aka burger king in nyc because of covid restrictions vaxxedvsantivaxx day wait what day is it bwhahahaha ,"['americans', 'storm', 'gut', 'bomb', 'eatery', 'aka', 'burger', 'king', 'nyc', 'covid', 'restrictions', 'vaxxedvsantivaxx', 'day', 'wait', 'day', 'bwhahahaha']"
97,97,183,2021-12-28,15:38:34,cootye,"My personal experience with #COVID19 #CovidTesting #Omicron #covid I have 3 kids under 18 unvaxed, wife unvaxed due to medical and me vaxed. All recently tested + for covid. Wife over a week sick, kids 3 days sick, and me vaxed 1 1/2 days sick. Stay safe 2022",en,my personal experience with covid covidtesting omicron covid i have kids under unvaxed wife unvaxed due to medical and me vaxed all recently tested for covid wife over a week sick kids days sick and me vaxed days sick stay safe ,"['personal', 'experience', 'covid', 'covidtesting', 'omicron', 'covid', 'kids', 'unvaxed', 'wife', 'unvaxed', 'due', 'medical', 'vaxed', 'recently', 'tested', 'covid', 'wife', 'week', 'sick', 'kids', 'days', 'sick', 'vaxed', 'days', 'sick', 'stay', 'safe']"
98,98,193,2021-12-28,15:38:22,eaglenoises,Covid19 is the God of this new Vaxxer religion and Fauci is their prophet.  It is a God of pestilence and fear and will be bowed down to lest you suffer it's great wrath.,en,covid is the god of this new vaxxer religion and fauci is their prophet it is a god of pestilence and fear and will be bowed down to lest you suffer it s great wrath ,"['covid', 'god', 'new', 'vaxxer', 'religion', 'fauci', 'prophet', 'god', 'pestilence', 'fear', 'bowed', 'lest', 'suffer', 'great', 'wrath']"
99,99,194,2021-12-28,15:38:22,jenross,"Can we get a few beer kegs, shot glasses and some a payment processors into elem and high schools, asap? I‚Äôve gathered that‚Äôs all that‚Äôs missing from keeping schools safe and open next week. @Sflecce #COVID19 #DougFordResign #COVIDOntario",en,can we get a few beer kegs shot glasses and some a payment processors into elem and high schools asap i ve gathered that s all that s missing from keeping schools safe and open next week covid dougfordresign covidontario,"['get', 'beer', 'kegs', 'shot', 'glasses', 'payment', 'processors', 'elem', 'high', 'schools', 'asap', 'gathered', 'missing', 'keeping', 'schools', 'safe', 'open', 'next', 'week', 'covid', 'dougfordresign', 'covidontario']"
100,100,195,2021-12-28,15:38:22,haifaa_k,"Perhaps  tyranny eventually alters chemical balance..?!  Pro- #Sisi Egyptian reports the British (all of‚Äôem, acc to tweetüëá) demanded that Boris Johnson follows #Egypt govt. in fighting #COVID19  https://t.co/38KEzquJaE",en,perhaps tyranny eventually alters chemical balance pro sisi egyptian reports the british all of em acc to tweet demanded that boris johnson follows egypt govt in fighting covid ,"['perhaps', 'tyranny', 'eventually', 'alters', 'chemical', 'balance', 'pro', 'sisi', 'egyptian', 'reports', 'british', 'acc', 'tweet', 'demanded', 'boris', 'johnson', 'follows', 'egypt', 'govt', 'fighting', 'covid']"
101,101,198,2021-12-28,15:38:19,touronroute,"@_treble1999 @GilesWatling Didn't he state that 99% of people who are in the hospital with Covid19 are unvaccinated, he did not mention deaths.",en, didn t he state that of people who are in the hospital with covid are unvaccinated he did not mention deaths ,"['state', 'people', 'hospital', 'covid', 'unvaccinated', 'mention', 'deaths']"
102,102,199,2021-12-28,15:38:19,usamaisawake,Here it goes again. #COVID19  https://t.co/C66Qjh4GS4,en,here it goes again covid ,"['goes', 'covid']"
103,103,200,2021-12-28,15:38:17,x_brighteyes_x,I legit thought this was a #COVID19 test,en,i legit thought this was a covid test,"['legit', 'thought', 'covid', 'test']"
104,104,201,2021-12-28,15:38:16,keegparty,"Yes, keeping schools open risks giving #kids #covid19 #omicron. Also risks them giving it to their #parents. No one talks about that. Or the risk to #teachers' health, and if we can even run schools with massive labour shortages due to covid #onpoli #onted  https://t.co/rzW13bWHzK",en,yes keeping schools open risks giving kids covid omicron also risks them giving it to their parents no one talks about that or the risk to teachers health and if we can even run schools with massive labour shortages due to covid onpoli onted ,"['yes', 'keeping', 'schools', 'open', 'risks', 'giving', 'kids', 'covid', 'omicron', 'risks', 'giving', 'parents', 'talks', 'risk', 'teachers', 'health', 'even', 'run', 'schools', 'massive', 'labour', 'shortages', 'due', 'covid', 'onpoli', 'onted']"
105,105,205,2021-12-28,15:38:14,taylorkwinship,@MXOFO Exactly what's happening. He/they are more concerned with power than public health of British (English) people #COVID19,en, exactly what s happening he they are more concerned with power than public health of british english people covid ,"['exactly', 'happening', 'concerned', 'power', 'public', 'health', 'british', 'english', 'people', 'covid']"
106,106,207,2021-12-28,15:38:13,javedak250799,"Delhi witnesses biggest single-day spike since June 2 #COVID19 Massive Spike In Daily Covid Cases: Mumbai 70%, Delhi 50%   https://t.co/epF8dUpH6Y",en,delhi witnesses biggest single day spike since june covid massive spike in daily covid cases mumbai delhi ,"['delhi', 'witnesses', 'biggest', 'single', 'day', 'spike', 'since', 'june', 'covid', 'massive', 'spike', 'daily', 'covid', 'cases', 'mumbai', 'delhi']"
107,107,210,2021-12-28,15:38:08,nabob_axelrod,"@seanhannity Those #NYPD cops are doing the right thing to save our society from social misfits and zombies. #COVID19 ought not to be a political game, it kills at will.",en, those nypd cops are doing the right thing to save our society from social misfits and zombies covid ought not to be a political game it kills at will ,"['nypd', 'cops', 'right', 'thing', 'save', 'society', 'social', 'misfits', 'zombies', 'covid', 'ought', 'political', 'game', 'kills']"
108,108,211,2021-12-28,15:38:06,fennario_wolf,"@DineshDSouza üö® Alex Jones unloads on Trump üí© :  ""... Completely ignorant about the so called vaccine""  ""... One of the most evil men who ever lived"" #AlexJones vs #DonaldTrump #GetVaccinatedNow #COVID19  https://t.co/goIKWRuKF1",en, alex jones unloads on trump completely ignorant about the so called vaccine one of the most evil men who ever lived alexjones vs donaldtrump getvaccinatednow covid ,"['alex', 'jones', 'unloads', 'trump', 'completely', 'ignorant', 'called', 'vaccine', 'evil', 'ever', 'lived', 'alexjones', 'vs', 'donaldtrump', 'getvaccinatednow', 'covid']"
109,109,215,2021-12-28,15:38:00,keithypatto,@NHSuk why are you sending me blatant #COVID19 #omicron propaganda when this week the @WHO confirmed #booster should be used in people over 65 only.. ü§¨ stop the bullshit  https://t.co/WzTAPaObGr,en, why are you sending me blatant covid omicron propaganda when this week the confirmed booster should be used in people over only stop the bullshit ,"['sending', 'blatant', 'covid', 'omicron', 'propaganda', 'week', 'confirmed', 'booster', 'used', 'people', 'stop', 'bullshit']"
110,110,216,2021-12-28,15:37:59,drewtics22,Does the ongoing pandemic continue to give anyone else extreme anxiety about being in public?üò´ #COVID19 #Covid  #DisabilityTwitter #Tourettes #Autism,en,does the ongoing pandemic continue to give anyone else extreme anxiety about being in public covid covid disabilitytwitter tourettes autism,"['ongoing', 'pandemic', 'continue', 'give', 'anyone', 'else', 'extreme', 'anxiety', 'public', 'covid', 'covid', 'disabilitytwitter', 'tourettes', 'autism']"
111,111,217,2021-12-28,15:37:57,maldegani17,"#nodiscrimination #COVID19 #Covid @ladyonorato @intuslegens, @100trillionUSD pls, this video must be viral üôè  https://t.co/dHXSDHNhED",en, nodiscrimination covid covid pls this video must be viral ,"['nodiscrimination', 'covid', 'covid', 'pls', 'video', 'must', 'viral']"
112,112,219,2021-12-28,15:37:50,insidesportind,Jordi Alba becomes third Barca player to test positive for Covid-19;  Check Full üëâ  https://t.co/g74T4kdBH7  #Barcelona #COVID19 #Barca #JordiAlba  https://t.co/quXeL1A1Ef,en,jordi alba becomes third barca player to test positive for covid check full barcelona covid barca jordialba ,"['jordi', 'alba', 'becomes', 'third', 'barca', 'player', 'test', 'positive', 'covid', 'check', 'full', 'barcelona', 'covid', 'barca', 'jordialba']"
113,113,220,2021-12-28,15:37:49,kenyansonreddit,Need a #COVID19 test? It's easy to get one here in Nairobi. For everything you need to know call or {api. whatsapp. com} Email: {covidtest. ke#gmail. com} - No more long queues‚Å£ - No more being stuck in traffic for hours‚Å£ - No more waiting for long hours in - [1/2],en,need a covid test it s easy to get one here in nairobi for everything you need to know call or api whatsapp com email covidtest ke gmail com no more long queues no more being stuck in traffic for hours no more waiting for long hours in ,"['need', 'covid', 'test', 'easy', 'get', 'nairobi', 'everything', 'need', 'know', 'call', 'api', 'whatsapp', 'email', 'covidtest', 'gmail', 'long', 'queues', 'stuck', 'traffic', 'hours', 'waiting', 'long', 'hours']"
114,114,223,2021-12-28,15:37:44,iansmit58861933,"@toryboypierce @BorisJohnson Sad old man, do you find it funny about people becoming infected with covid19?",en, sad old man do you find it funny about people becoming infected with covid ,"['sad', 'old', 'find', 'funny', 'people', 'becoming', 'infected', 'covid']"
115,115,228,2021-12-28,15:37:40,cohenmacinnis,My conversation with an anti-vaxxer this morning regarding transparency of the vaccine. ü§™ü§∑‚Äç‚ôÇÔ∏èüòÇüòÇ #antivax #COVID19 #transparency #hotdogs  https://t.co/cxY2M6PjLx,en,my conversation with an anti vaxxer this morning regarding transparency of the vaccine antivax covid transparency hotdogs ,"['conversation', 'anti', 'vaxxer', 'morning', 'regarding', 'transparency', 'vaccine', 'antivax', 'covid', 'transparency', 'hotdogs']"
116,116,229,2021-12-28,15:37:40,mhappyvacation,BMC issues new rules for Mumbai residents arriving from Dubai.  #travelnews #travel #COVID19 #dubai,en,bmc issues new rules for mumbai residents arriving from dubai travelnews travel covid dubai,"['bmc', 'issues', 'new', 'rules', 'mumbai', 'residents', 'arriving', 'dubai', 'travelnews', 'travel', 'covid', 'dubai']"
117,117,232,2021-12-28,15:37:37,majumdarsid,"@htTweets And @BJP4India s achievements restricted to #COVID19 deaths, extremely high unemployment and collection of crores through electoral bonds without name of buyers.",en, and s achievements restricted to covid deaths extremely high unemployment and collection of crores through electoral bonds without name of buyers ,"['achievements', 'restricted', 'covid', 'deaths', 'extremely', 'high', 'unemployment', 'collection', 'crores', 'electoral', 'bonds', 'without', 'buyers']"
118,118,235,2021-12-28,15:37:33,wfp_malawi,"#Throwback2021  The impact of #COVID19 on livelihoods for vulnerable people has required WFP to expand to urban areas in 2021. We've reached 12,000 families with cash üí∞transfers in 7 district towns.  More hereüé¨üëá  W/ @MalawiGovt  @NorwayMFA  and @UNMalawi  https://t.co/voPf4tk7Nj",en, throwback the impact of covid on livelihoods for vulnerable people has required wfp to expand to urban areas in we ve reached families with cash transfers in district towns more here w and ,"['throwback', 'impact', 'covid', 'livelihoods', 'vulnerable', 'people', 'required', 'wfp', 'expand', 'urban', 'areas', 'reached', 'families', 'cash', 'transfers', 'district', 'towns', 'w']"
119,119,243,2021-12-28,15:37:17,newsmobileindia,"üî≤ #COVID19 | #Maharashtra reports 2,172 new cases, 1,098 recoveries, and 22 deaths today. Active cases 11,492  üî≤ No new #Omicron case was reported in the state; till date, a total of 167 Omicron cases have been reported in Maharashtra   - ANI  https://t.co/36GaIKB2KZ",en, covid maharashtra reports new cases recoveries and deaths today active cases no new omicron case was reported in the state till date a total of omicron cases have been reported in maharashtra ani ,"['covid', 'maharashtra', 'reports', 'new', 'cases', 'recoveries', 'deaths', 'today', 'active', 'cases', 'new', 'omicron', 'case', 'reported', 'state', 'date', 'total', 'omicron', 'cases', 'reported', 'maharashtra', 'ani']"
120,120,245,2021-12-28,15:37:16,realyawsakyi,So why don‚Äôt some Ghanaians believe COVID-19 is still here and wrecking families? Do they know something the rest of us don‚Äôt know?   #COVID19,en,so why don t some ghanaians believe covid is still here and wrecking families do they know something the rest of us don t know covid ,"['ghanaians', 'believe', 'covid', 'still', 'wrecking', 'families', 'know', 'something', 'rest', 'us', 'know', 'covid']"
121,121,248,2021-12-28,15:37:13,reachscale,Good news for the #NewYear via @wef #COVID19 #economy #climatechange  https://t.co/EgG6NxndMr,en,good news for the newyear via covid economy climatechange ,"['good', 'news', 'newyear', 'via', 'covid', 'economy', 'climatechange']"
122,122,250,2021-12-28,15:37:07,laurakiora,@alexander_olly @TiggerBlaize re-watching #ItsASin today ‚Ä¶ best part of my #COVID19 #isolation so far üß°‚ù§Ô∏èüíõüíöüíôüíúü§éü§çüñ§,en, re watching itsasin today best part of my covid isolation so far ,"['watching', 'itsasin', 'today', 'best', 'part', 'covid', 'isolation', 'far']"
123,123,251,2021-12-28,15:37:04,jayhnh,"Facts matter. Least #vaccinated states offer the highest death rate per 100,000 from #COVID19. Wonder how many other types of death increased in these states when hospitals are overcrowded with #unvaccinated ?   https://t.co/k5uJaiWkJR",en,facts matter least vaccinated states offer the highest death rate per from covid wonder how many other types of death increased in these states when hospitals are overcrowded with unvaccinated ,"['facts', 'matter', 'least', 'vaccinated', 'states', 'offer', 'highest', 'death', 'rate', 'covid', 'wonder', 'many', 'types', 'death', 'increased', 'states', 'hospitals', 'overcrowded', 'unvaccinated']"
124,124,252,2021-12-28,15:37:01,tommyta54775936,@reallorraine @DrHilaryJones lying fuckers. Complete and utter liars. #COVIDIOTS #COVID19 #British #CovidUK,en, lying fuckers complete and utter liars covidiots covid british coviduk,"['lying', 'fuckers', 'complete', 'utter', 'liars', 'covidiots', 'covid', 'british', 'coviduk']"
